{"cameraMode":{"drawMode":0,"name":"Shaded","section":"Shading Mode"},"sceneLighting":false,"audioPlay":false,"sceneViewState":{"showFog":true,"showMaterialUpdate":false,"showSkybox":true,"showFlares":true,"showImageEffects":true,"showParticleSystems":true},"in2DMode":false,"pivot":{"x":0.7720674276351929,"y":-0.24140283465385438,"z":-0.34171634912490847},"rotation":{"x":-0.2391684651374817,"y":0.0035080129746347667,"z":-0.0008590890793129802,"w":-0.970971405506134},"size":10.692559242248536,"orthographic":false}