{"cameraMode":{"drawMode":0,"name":"Shaded","section":"Shading Mode"},"sceneLighting":true,"audioPlay":false,"sceneViewState":{"showFog":true,"showMaterialUpdate":false,"showSkybox":true,"showFlares":true,"showImageEffects":true,"showParticleSystems":true},"in2DMode":false,"pivot":{"x":0.3100000023841858,"y":12.600000381469727,"z":-19.100000381469728},"rotation":{"x":0.11303500831127167,"y":-0.11093457043170929,"z":0.01274804025888443,"w":0.9872963428497315},"size":22.0,"orthographic":false}