{"cameraMode":{"drawMode":0,"name":"Shaded","section":"Shading Mode"},"sceneLighting":false,"audioPlay":false,"sceneViewState":{"showFog":true,"showMaterialUpdate":false,"showSkybox":true,"showFlares":true,"showImageEffects":true,"showParticleSystems":true},"in2DMode":false,"pivot":{"x":-2.200000286102295,"y":-13.220000267028809,"z":-0.1199999749660492},"rotation":{"x":-0.22017839550971986,"y":0.01084010861814022,"z":-0.0024415405932813884,"w":-0.9753963947296143},"size":26.76240348815918,"orthographic":false}