{"cameraMode":{"drawMode":0,"name":"Shaded","section":"Shading Mode"},"sceneLighting":false,"audioPlay":false,"sceneViewState":{"showFog":true,"showMaterialUpdate":false,"showSkybox":true,"showFlares":true,"showImageEffects":true,"showParticleSystems":true},"in2DMode":false,"pivot":{"x":-4.145509719848633,"y":0.13326480984687806,"z":-0.3903815746307373},"rotation":{"x":-0.22017839550971986,"y":0.01084010861814022,"z":-0.0024415405932813884,"w":-0.9753963947296143},"size":7.195070266723633,"orthographic":false}