{"cameraMode":{"drawMode":0,"name":"Shaded","section":"Shading Mode"},"sceneLighting":false,"audioPlay":false,"sceneViewState":{"showFog":true,"showMaterialUpdate":false,"showSkybox":true,"showFlares":true,"showImageEffects":true,"showParticleSystems":true},"in2DMode":false,"pivot":{"x":-3.4151673316955568,"y":-7.924589157104492,"z":3.8487772941589357},"rotation":{"x":-0.22017839550971986,"y":0.01084010861814022,"z":-0.0024415405932813884,"w":-0.9753963947296143},"size":43.33082580566406,"orthographic":false}